id,comment,image,date
yang_*******,공간이 주는 힘이 대단해요. 100년 된 공장 터와 현대적인 미니멀리즘의 만남이 소름 돋습니다.,miryang-nullgallery-hotplace-review-1.webp,2026.05.05
ron_m*******,론 뮤익 프리뷰 전시 정말 압도적이네요. 밀양 널갤러리 후기 남깁니다.,miryang-nullgallery-hotplace-review-2.webp,2026.05.02
art_y******,벤타블랙 소재를 실제로 보니 정말 신기해요. 빛이 사라지는 느낌! 밀양 현대전시 꼭 경험해보세요.,miryang-nullgallery-hotplace-review-3.webp,2026.05.04
black*******,공간의 웅장함에 압도되어 한참을 멍하니 있었네요. 밀양 널갤러리 공간 후기 꼭 쓰고 싶었습니다.,miryang-nullgallery-hotplace-review-4.webp,2026.05.02
visit**********,빛을 빨아들이는 벤타블랙 건물이 너무 신선해요. 산업 유산인 굴뚝과 대조되는 모습이 장관입니다.,miryang-nullgallery-hotplace-review-5.webp,2026.05.06
yang_*******,과거의 기억(굴뚝)과 미래의 감각(벤타블랙)이 공존하는 곳. 전시 추천 백 번 합니다.,miryang-nullgallery-hotplace-review-6.webp,2026.05.06
mil_d*******,"산업 시대의 굴뚝과 현대 예술의 만남이라니, 밀양 핫플로 불리는 이유를 알겠어요.",miryang-nullgallery-hotplace-review-7.webp,2026.05.01
daily********,"론 뮤익 프리뷰, 작품 하나하나가 살아 움직이는 것 같아요. 갤러리 공간 구성도 최고입니다.",miryang-nullgallery-hotplace-review-8.webp,2026.05.05
dark_*******,벤타블랙 건물의 그 깊은 검은색이 웅장한 굴뚝과 어우러져서 사진 찍기 너무 좋아요.,miryang-nullgallery-hotplace-review-9.webp,2026.05.05
vent_********,과거의 기억(굴뚝)과 미래의 감각(벤타블랙)이 공존하는 곳. 전시 추천 백 번 합니다.,miryang-nullgallery-hotplace-review-10.webp,2026.05.05
art_d*******,공간 자체가 하나의 거대한 예술작품입니다. 밀양 가볼만한곳 찾으시면 여기 무조건 오세요.,miryang-nullgallery-hotplace-review-11.webp,2026.05.05
revie*********,론 뮤익 프리뷰 전시 정말 압도적이네요. 밀양 널갤러리 후기 남깁니다.,miryang-nullgallery-hotplace-review-12.webp,2026.05.05
view_*******,공간이 주는 힘이 대단해요. 100년 된 공장 터와 현대적인 미니멀리즘의 만남이 소름 돋습니다.,miryang-nullgallery-hotplace-review-13.webp,2026.05.01
art_n******,벤타블랙 소재를 실제로 보니 정말 신기해요. 빛이 사라지는 느낌! 밀양 현대전시 꼭 경험해보세요.,miryang-nullgallery-hotplace-review-14.webp,2026.05.02
daily***********,벤타블랙 건물의 그 깊은 검은색이 웅장한 굴뚝과 어우러져서 사진 찍기 너무 좋아요.,miryang-nullgallery-hotplace-review-15.webp,2026.05.02
snap_******,공간의 웅장함에 압도되어 한참을 멍하니 있었네요. 밀양 널갤러리 공간 후기 꼭 쓰고 싶었습니다.,miryang-nullgallery-hotplace-review-16.webp,2026.05.04
spot_**********,"산업 시대의 굴뚝과 현대 예술의 만남이라니, 밀양 핫플로 불리는 이유를 알겠어요.",miryang-nullgallery-hotplace-review-17.webp,2026.05.05
art_m********,론 뮤익 프리뷰 전시 정말 압도적이네요. 밀양 널갤러리 후기 남깁니다.,miryang-nullgallery-hotplace-review-18.webp,2026.05.04
yang_*******,굴뚝과 벤타블랙의 조화가 예술입니다. 밀양 신상갤러리 중 가장 힙한 공간이 아닐까 싶어요.,miryang-nullgallery-hotplace-review-19.webp,2026.05.01
art_y******,밀양 핫플답게 평일인데도 사람이 꽤 있네요. 그래도 공간이 넓어서 관람하기 쾌적했습니다.,miryang-nullgallery-hotplace-review-20.webp,2026.05.08
mil_n******,공간의 웅장함에 압도되어 한참을 멍하니 있었네요. 밀양 널갤러리 공간 후기 꼭 쓰고 싶었습니다.,miryang-nullgallery-hotplace-review-21.webp,2026.05.07
art_v******,밀양 전시 중 가장 인상 깊었습니다. 론 뮤익의 정교한 작품들과 널갤러리의 독보적인 공간미가 대단해요.,miryang-nullgallery-hotplace-review-22.webp,2026.05.08
ron_a*****,예술을 넘어서 공간이 주는 치유를 경험하고 갑니다. 밀양 가볼만한곳으로 적극 추천해요.,miryang-nullgallery-hotplace-review-23.webp,2026.05.05
ron_m********,벤타블랙 건물 안에 들어가니 정말 다른 세상에 온 것 같아요. 공간에 대한 후기를 안 남길 수가 없네요.,miryang-nullgallery-hotplace-review-24.webp,2026.05.05
mil_s******,"밀양 신상갤러리 투어 왔는데, 론 뮤익 작품의 생생함과 벤타블랙의 깊이감이 완벽한 조화를 이룹니다.",miryang-nullgallery-hotplace-review-25.webp,2026.05.06
null_********,밀양 핫플답게 평일인데도 사람이 꽤 있네요. 그래도 공간이 넓어서 관람하기 쾌적했습니다.,miryang-nullgallery-hotplace-review-26.webp,2026.05.04
revie*********,벤타블랙 건물의 그 깊은 검은색이 웅장한 굴뚝과 어우러져서 사진 찍기 너무 좋아요.,miryang-nullgallery-hotplace-review-27.webp,2026.05.08
trip_*******,과거의 기억(굴뚝)과 미래의 감각(벤타블랙)이 공존하는 곳. 전시 추천 백 번 합니다.,miryang-nullgallery-hotplace-review-28.webp,2026.05.04
revie*********,"산업 시대의 굴뚝과 현대 예술의 만남이라니, 밀양 핫플로 불리는 이유를 알겠어요.",miryang-nullgallery-hotplace-review-29.webp,2026.05.08
revie*********,거대한 굴뚝 아래 검은 벤타블랙 건물이 들어선 모습이 정말 웅장합니다. 밀양 현대전시의 정점이네요.,miryang-nullgallery-hotplace-review-30.webp,2026.05.05
daily**********,예술을 넘어서 공간이 주는 치유를 경험하고 갑니다. 밀양 가볼만한곳으로 적극 추천해요.,miryang-nullgallery-hotplace-review-31.webp,2026.05.05
mueck********,"밀양 신상갤러리 투어 왔는데, 론 뮤익 작품의 생생함과 벤타블랙의 깊이감이 완벽한 조화를 이룹니다.",miryang-nullgallery-hotplace-review-32.webp,2026.05.02
snap_*******,벤타블랙 건물 안에 들어가니 정말 다른 세상에 온 것 같아요. 공간에 대한 후기를 안 남길 수가 없네요.,miryang-nullgallery-hotplace-review-33.webp,2026.05.01
trip_*******,밀양 전시 중 가장 인상 깊었습니다. 론 뮤익의 정교한 작품들과 널갤러리의 독보적인 공간미가 대단해요.,miryang-nullgallery-hotplace-review-34.webp,2026.05.02
visit**********,"밀양 신상갤러리 투어 왔는데, 론 뮤익 작품의 생생함과 벤타블랙의 깊이감이 완벽한 조화를 이룹니다.",miryang-nullgallery-hotplace-review-35.webp,2026.05.03
yang_*******,굴뚝과 벤타블랙의 조화가 예술입니다. 밀양 신상갤러리 중 가장 힙한 공간이 아닐까 싶어요.,miryang-nullgallery-hotplace-review-36.webp,2026.05.04
museu**********,밀양 전시 중 가장 인상 깊었습니다. 론 뮤익의 정교한 작품들과 널갤러리의 독보적인 공간미가 대단해요.,miryang-nullgallery-hotplace-review-37.webp,2026.05.05
ron_s******,밀양 핫플답게 평일인데도 사람이 꽤 있네요. 그래도 공간이 넓어서 관람하기 쾌적했습니다.,miryang-nullgallery-hotplace-review-38.webp,2026.05.04
visit**********,"론 뮤익 프리뷰, 작품 하나하나가 살아 움직이는 것 같아요. 갤러리 공간 구성도 최고입니다.",miryang-nullgallery-hotplace-review-39.webp,2026.05.05
vent_********,거대한 굴뚝 아래 검은 벤타블랙 건물이 들어선 모습이 정말 웅장합니다. 밀양 현대전시의 정점이네요.,miryang-nullgallery-hotplace-review-40.webp,2026.05.07
ron_v******,"론 뮤익 프리뷰, 작품 하나하나가 살아 움직이는 것 같아요. 갤러리 공간 구성도 최고입니다.",miryang-nullgallery-hotplace-review-41.webp,2026.05.06
ron_m*****,내부 전시 공간이 엄청 웅장해요. 벤타블랙 벽면이 빛을 완전히 흡수해서 정말 신비롭네요.,miryang-nullgallery-hotplace-review-42.webp,2026.05.25
daily*********,전시장 천장의 스페이스 프레임과 반투명 슬레이트 지붕으로 들어오는 자연광이 조각상과 어우러져서 아주 멋집니다.,miryang-nullgallery-hotplace-review-43.webp,2026.05.28
spot_*********,실내에 전시된 조각 작품의 스케일감이 대단해요. 웅장한 공간감과 함께 감상하니 압도당하는 느낌입니다.,miryang-nullgallery-hotplace-review-44.webp,2026.05.26
light********,벤타블랙 벽면과 대조되는 조각 작품의 섬세한 디테일이 인상적이었어요. 밀양 핫플 전시 강추합니다.,miryang-nullgallery-hotplace-review-45.webp,2026.05.28
dark_********,"실내 전시 사진 보고 방문했는데, 실제로 보니 기하학적인 스페이스 프레임 천장이 사진보다 훨씬 멋져요.",miryang-nullgallery-hotplace-review-46.webp,2026.05.26
museu*********,어두운 벤타블랙 공간과 따뜻한 자연광이 만들어내는 대비가 아주 매력적인 전시회입니다.,miryang-nullgallery-hotplace-review-47.webp,2026.05.28
view_********,내부에 들어서자마자 압도적인 스케일의 조각상에 시선을 빼앗겼어요. 밀양 전시 추천합니다.,miryang-nullgallery-hotplace-review-48.webp,2026.05.27
null_*******,"콘크리트 질감과 철골 구조, 그리고 미니멀한 내부 공간이 현대 미술품과 완벽하게 조화를 이룹니다.",miryang-nullgallery-hotplace-review-49.webp,2026.05.27
light*******,스마트폰으로 대충 찍어도 사진이 정말 예술로 나와요. 갤러리 내부의 공간감이 정말 독보적입니다.,miryang-nullgallery-hotplace-review-50.webp,2026.05.27
museu***********,밀양에 이런 세계적인 수준의 현대미술 전시 공간이 생기다니 믿기지 않네요. 꼭 가보세요!,miryang-nullgallery-hotplace-review-51.webp,2026.05.28
